City_ID,City,Country,Date,Lat,Lng,Max Temp,Humidity,Cloudiness,Wind Speed
0,East London,ZA,2020-07-08 19:13:10,-33.02,27.91,67.69,54,0,16.11
1,Grindavik,IS,2020-07-08 19:13:00,63.84,-22.43,48.2,76,75,14.99
2,Bluff,NZ,2020-07-08 19:10:59,-46.6,168.33,39.0,83,83,3.0
3,Kavieng,PG,2020-07-08 19:13:00,-2.57,150.8,81.9,77,0,13.96
4,Emerald,AU,2020-07-08 19:15:20,-23.53,148.17,53.6,93,7,7.76
5,Bredasdorp,ZA,2020-07-08 19:15:22,-34.53,20.04,48.2,81,100,3.36
6,Sibu,MY,2020-07-08 19:24:41,2.3,111.82,77.0,94,20,1.12
7,Avarua,CK,2020-07-08 19:15:37,-21.21,-159.78,75.2,69,94,23.04
8,Tiksi,RU,2020-07-08 19:16:04,71.69,128.87,34.57,96,100,7.23
9,Luderitz,NA,2020-07-08 19:15:58,-26.65,15.16,59.0,67,0,2.24
10,Dunedin,NZ,2020-07-08 19:14:03,-45.87,170.5,42.01,90,100,8.01
11,Adre,TD,2020-07-08 19:24:42,13.47,22.2,78.1,66,36,16.26
12,Abu Dhabi,AE,2020-07-08 19:24:42,24.47,54.37,96.8,63,10,5.82
13,Yellowknife,CA,2020-07-08 19:13:21,62.46,-114.35,62.01,55,75,9.17
14,Kruisfontein,ZA,2020-07-08 19:13:57,-34.0,24.73,57.25,42,0,7.74
15,Hasaki,JP,2020-07-08 19:11:25,35.73,140.83,75.2,94,75,4.7
16,Punta Arenas,CL,2020-07-08 19:15:24,-53.15,-70.92,30.2,86,75,4.99
17,Albany,US,2020-07-08 19:15:25,42.6,-73.97,86.0,57,93,3.0
18,Jamestown,US,2020-07-08 19:10:33,42.1,-79.24,84.99,65,43,3.0
19,Puerto Escondido,MX,2020-07-08 19:24:43,15.85,-97.07,86.0,66,75,10.29
20,Vestmanna,FO,2020-07-08 19:24:43,62.16,-7.17,51.8,81,1,11.41
21,Hualmay,PE,2020-07-08 19:16:01,-11.1,-77.61,66.92,67,6,12.62
22,Toyooka,JP,2020-07-08 19:24:44,35.53,134.83,70.2,90,100,1.21
23,Kaohsiung,TW,2020-07-08 19:20:57,22.62,120.31,84.99,79,40,4.7
24,Margate,GB,2020-07-08 19:13:18,51.38,1.39,64.99,94,100,1.01
25,Bontang,ID,2020-07-08 19:24:44,0.13,117.5,77.16,86,100,3.33
26,Pedasi,PA,2020-07-08 19:23:03,7.53,-80.03,78.26,82,100,5.57
27,Port Alfred,ZA,2020-07-08 19:11:02,-33.59,26.89,66.76,45,0,15.97
28,Port Elizabeth,ZA,2020-07-08 19:14:01,-33.92,25.57,59.0,82,0,10.29
29,Tabas,IR,2020-07-08 19:24:45,33.6,56.92,93.2,13,0,4.7
30,Ponta Delgada,PT,2020-07-08 19:24:24,37.73,-25.67,69.8,68,75,10.29
31,Salinas,US,2020-07-08 19:16:17,36.68,-121.66,73.0,56,1,6.93
32,Jiuquan,CN,2020-07-08 19:24:45,39.74,98.52,69.49,22,0,7.31
33,Eyl,SO,2020-07-08 19:24:45,7.98,49.82,81.77,67,100,24.65
34,Lohardaga,IN,2020-07-08 19:24:45,23.43,84.68,78.75,79,36,5.46
35,Saint-Philippe,RE,2020-07-08 19:11:00,-21.36,55.77,68.0,68,58,8.05
36,Atuona,PF,2020-07-08 19:10:55,-9.8,-139.03,79.7,74,6,12.33
37,Pevek,RU,2020-07-08 19:11:38,69.7,170.31,43.81,75,100,2.71
38,Los Llanos De Aridane,ES,2020-07-08 19:15:52,28.66,-17.92,75.2,78,20,13.87
39,Mataura,NZ,2020-07-08 19:10:57,-46.19,168.86,39.0,83,82,3.0
40,Sao Joao Da Barra,BR,2020-07-08 19:24:46,-21.64,-41.05,80.6,54,1,20.8
41,Muros,ES,2020-07-08 19:15:28,42.78,-9.06,70.0,73,0,14.0
42,Jos,NG,2020-07-08 19:24:47,9.92,8.9,68.77,88,0,4.25
43,Mega,ET,2020-07-08 19:24:47,4.05,38.3,62.13,71,92,8.41
44,Bengkulu,ID,2020-07-08 19:15:53,-3.8,102.27,74.8,90,84,4.81
45,Gushikawa,JP,2020-07-08 19:24:47,26.35,127.87,82.4,88,20,10.29
46,Flinders,AU,2020-07-08 19:24:47,-34.58,150.86,45.0,87,0,1.99
47,Longyearbyen,SJ,2020-07-08 19:16:53,78.22,15.64,46.4,70,75,6.93
48,Kodiak,US,2020-07-08 19:11:09,57.79,-152.41,60.8,59,40,12.75
49,Rikitea,PF,2020-07-08 19:15:33,-23.12,-134.97,67.14,65,11,19.8
50,Ushuaia,AR,2020-07-08 19:15:23,-54.8,-68.3,42.8,75,40,10.29
51,Qasigiannguit,GL,2020-07-08 19:24:48,68.82,-51.19,55.4,43,75,14.99
52,Bathsheba,BB,2020-07-08 19:16:36,13.22,-59.52,87.8,62,75,20.8
53,Deputatskiy,RU,2020-07-08 19:14:50,69.3,139.9,45.59,91,84,2.04
54,Puerto Ayora,EC,2020-07-08 19:15:29,-0.74,-90.35,72.0,84,92,4.0
55,Thompson,CA,2020-07-08 19:13:04,55.74,-97.86,75.2,41,75,4.7
56,Mar Del Plata,AR,2020-07-08 19:15:00,-38.0,-57.56,48.2,66,75,6.93
57,Cabo San Lucas,MX,2020-07-08 19:12:04,22.89,-109.91,91.0,45,75,11.41
58,Zwettl,AT,2020-07-08 19:24:49,48.6,15.17,59.0,84,85,1.99
59,Gargzdai,LT,2020-07-08 19:21:49,55.71,21.4,57.2,67,40,8.05
60,Tuktoyaktuk,CA,2020-07-08 19:11:07,69.45,-133.04,35.6,100,90,2.24
61,Camabatela,AO,2020-07-08 19:24:49,-8.19,15.38,65.46,32,0,2.91
62,Cape Town,ZA,2020-07-08 19:11:02,-33.93,18.42,62.01,81,37,1.12
63,Chokurdakh,RU,2020-07-08 19:15:41,70.63,147.92,44.87,79,86,8.9
64,Saldanha,ZA,2020-07-08 19:24:49,-33.01,17.94,55.4,66,0,1.12
65,Constitucion,CL,2020-07-08 19:15:20,-35.33,-72.42,53.04,60,98,5.28
66,Maragogi,BR,2020-07-08 19:24:50,-9.01,-35.22,78.8,77,0,4.72
67,Marrakesh,MA,2020-07-08 19:24:50,31.63,-8.01,95.0,23,20,9.17
68,Barcelos,PT,2020-07-08 19:24:50,41.54,-8.62,72.0,82,40,4.7
69,Nelson Bay,AU,2020-07-08 19:24:50,-32.72,152.15,46.0,100,90,4.16
70,Qaanaaq,GL,2020-07-08 19:11:18,77.48,-69.36,46.02,56,0,1.72
71,Sola,VU,2020-07-08 19:15:29,-13.88,167.55,78.8,94,90,11.41
72,Yarim,YE,2020-07-08 19:24:50,14.3,44.38,63.01,63,100,3.04
73,Tynda,RU,2020-07-08 19:24:51,55.17,124.72,52.95,88,98,2.42
74,Araripina,BR,2020-07-08 19:24:51,-7.58,-40.5,82.26,38,0,6.51
75,Sao Filipe,CV,2020-07-08 19:12:53,14.9,-24.5,78.96,83,60,9.26
76,Honiara,SB,2020-07-08 19:24:51,-9.43,159.95,77.0,94,75,4.7
77,Kampot,KH,2020-07-08 19:24:51,10.62,104.18,77.0,94,40,2.24
78,Rovaniemi,FI,2020-07-08 19:24:51,66.5,25.72,57.2,82,20,5.82
79,Bairiki,KI,2020-07-08 19:15:22,1.33,172.98,84.2,74,40,11.41
80,Katsuura,JP,2020-07-08 19:24:52,35.13,140.3,77.0,95,100,3.0
81,Vila Velha,BR,2020-07-08 19:16:42,-20.33,-40.29,78.01,69,0,14.99
82,New Norfolk,AU,2020-07-08 19:15:47,-42.78,147.06,35.01,92,1,2.53
83,Salalah,OM,2020-07-08 19:16:00,17.02,54.09,82.4,88,75,5.82
84,Pilar,BR,2020-07-08 19:24:52,-9.6,-35.96,80.6,78,40,12.75
85,Mahebourg,MU,2020-07-08 19:11:25,-20.41,57.7,71.6,60,75,12.75
86,Palmer,US,2020-07-08 19:24:52,42.16,-72.33,84.2,66,75,9.17
87,Puerto Leguizamo,CO,2020-07-08 19:24:52,-0.19,-74.78,85.15,71,32,0.76
88,Chara,RU,2020-07-08 19:16:30,56.91,118.26,62.04,72,100,2.98
89,Katherine,AU,2020-07-08 19:24:53,-14.47,132.27,60.8,51,0,8.05
90,Thinadhoo,MV,2020-07-08 19:24:53,0.53,72.93,84.83,69,70,4.09
91,Saskylakh,RU,2020-07-08 19:15:26,71.92,114.08,54.52,71,45,9.53
92,Upernavik,GL,2020-07-08 19:16:07,72.79,-56.15,43.09,68,40,11.1
93,Havoysund,NO,2020-07-08 19:24:53,71.0,24.66,48.2,93,75,9.17
94,Kapaa,US,2020-07-08 19:11:01,22.08,-159.32,80.6,69,40,16.11
95,Nouakchott,MR,2020-07-08 19:23:29,18.09,-15.98,80.6,74,0,24.16
96,Saint-Augustin,CA,2020-07-08 19:24:54,51.23,-58.65,65.93,69,100,23.29
97,Ouango,CF,2020-07-08 19:24:54,4.31,22.56,72.3,93,100,1.88
98,Kahului,US,2020-07-08 19:15:21,20.89,-156.47,77.0,80,8,8.99
99,Puerto El Triunfo,SV,2020-07-08 19:24:54,13.28,-88.55,93.2,52,41,3.36
100,Dikson,RU,2020-07-08 19:15:48,73.51,80.55,42.76,87,87,15.48
101,Hilo,US,2020-07-08 19:15:39,19.73,-155.09,77.0,83,90,6.93
102,Grants,US,2020-07-08 19:15:01,35.15,-107.85,89.6,16,1,11.41
103,Sitka,US,2020-07-08 19:11:18,57.05,-135.33,57.2,76,75,3.36
104,Ribeira Grande,PT,2020-07-08 19:15:26,38.52,-28.7,71.6,73,75,11.41
105,Georgetown,MY,2020-07-08 19:15:20,5.41,100.34,78.8,88,20,4.7
106,Vildbjerg,DK,2020-07-08 19:24:55,56.2,8.77,55.99,66,0,11.41
107,Albina,SR,2020-07-08 19:24:55,5.5,-54.05,79.57,91,100,3.83
108,Talnakh,RU,2020-07-08 19:24:55,69.49,88.4,50.0,81,94,20.13
109,Barrow,US,2020-07-08 19:16:42,71.29,-156.79,42.8,75,1,16.11
110,Tabasalu,EE,2020-07-08 19:24:56,59.43,24.53,57.2,62,20,5.82
111,Zaraza,VE,2020-07-08 19:24:56,9.35,-65.32,86.63,75,55,3.71
112,Bumba,CD,2020-07-08 19:16:57,2.18,22.47,73.69,87,98,0.29
113,Busselton,AU,2020-07-08 19:13:15,-33.65,115.33,44.01,87,97,4.9
114,Hithadhoo,MV,2020-07-08 19:13:38,-0.6,73.08,85.15,68,6,4.0
115,Sauteurs,GD,2020-07-08 19:24:56,12.22,-61.63,87.8,66,40,25.28
116,Vila Franca Do Campo,PT,2020-07-08 19:15:28,37.72,-25.43,69.8,68,75,10.29
117,Anta,IN,2020-07-08 19:24:57,25.15,76.3,89.13,59,35,11.5
118,Chuy,UY,2020-07-08 19:13:51,-33.7,-53.46,49.82,93,100,12.06
119,Cidreira,BR,2020-07-08 19:15:22,-30.18,-50.21,59.72,83,73,21.09
120,Richards Bay,ZA,2020-07-08 19:24:57,-28.78,32.04,62.11,79,3,8.93
121,Genc,TR,2020-07-08 19:24:57,38.75,40.56,73.13,45,21,5.19
122,Santiago,CL,2020-07-08 19:16:25,-33.46,-70.65,57.2,58,75,3.36
123,Caucaia,BR,2020-07-08 19:24:57,-3.74,-38.65,84.2,62,20,17.22
124,Yeppoon,AU,2020-07-08 19:13:51,-23.13,150.73,57.2,87,21,4.7
125,Lagos,NG,2020-07-08 19:22:45,6.58,3.75,77.0,94,20,6.93
126,Fukue,JP,2020-07-08 19:24:58,32.69,128.84,75.06,90,76,7.31
127,Carnarvon,AU,2020-07-08 19:16:03,-24.87,113.63,57.2,71,0,13.87
128,Okakarara,NA,2020-07-08 19:21:06,-20.58,17.43,54.86,33,0,6.6
129,Aklavik,CA,2020-07-08 19:12:02,68.22,-135.01,44.6,87,90,2.24
130,Sao Felix Do Xingu,BR,2020-07-08 19:24:58,-6.64,-51.99,90.37,41,78,2.64
131,Zabol,AF,2020-07-08 19:24:58,32.25,67.25,72.79,22,0,8.41
132,Te Anau,NZ,2020-07-08 19:20:01,-45.42,167.72,37.13,89,72,2.68
133,Port Lincoln,AU,2020-07-08 19:16:03,-34.73,135.87,50.16,54,0,14.76
134,Yueyang,CN,2020-07-08 19:24:59,29.33,113.09,73.54,97,98,2.51
135,Cherskiy,RU,2020-07-08 19:13:34,68.75,161.3,63.63,54,26,7.4
136,Kawalu,ID,2020-07-08 19:24:59,-7.38,108.21,71.31,91,88,1.01
137,Provideniya,RU,2020-07-08 19:15:52,64.38,-173.3,44.6,87,90,2.24
138,Touros,BR,2020-07-08 19:16:35,-5.2,-35.46,82.4,69,20,11.41
139,Pingxiang,CN,2020-07-08 19:25:00,27.62,113.85,75.94,94,100,2.33
140,Butaritari,KI,2020-07-08 19:15:21,3.07,172.79,82.99,77,0,17.47
141,Aravete,EE,2020-07-08 19:25:00,59.14,25.75,57.2,62,20,5.82
142,Leningradskiy,RU,2020-07-08 19:11:50,69.38,178.42,45.3,78,0,7.29
143,Takoradi,GH,2020-07-08 19:24:19,4.88,-1.76,76.28,86,100,9.55
144,Ngorongoro,TZ,2020-07-08 19:25:00,-3.24,35.49,52.57,83,0,7.09
145,Lompoc,US,2020-07-08 19:11:05,34.64,-120.46,64.4,82,0,9.17
146,Pisco,PE,2020-07-08 19:11:20,-13.7,-76.22,66.99,68,20,11.41
147,Vaini,TO,2020-07-08 19:15:32,-21.2,-175.2,71.6,94,75,4.7
148,Clyde River,CA,2020-07-08 19:16:22,70.47,-68.59,37.4,100,90,6.93
149,Kadom,RU,2020-07-08 19:25:01,54.56,42.47,82.0,56,100,15.73
150,Lata,PT,2020-07-08 19:16:30,40.16,-8.33,78.01,69,0,4.0
151,Tautira,PF,2020-07-08 19:25:02,-17.73,-149.15,80.6,61,20,2.24
152,Buchanan,LR,2020-07-08 19:25:02,5.88,-10.05,76.93,88,68,9.64
153,Vao,NC,2020-07-08 19:15:29,-22.67,167.48,68.4,62,100,16.08
154,Sangar,RU,2020-07-08 19:16:34,63.92,127.47,52.54,71,14,1.23
155,Durango,MX,2020-07-08 19:21:06,24.83,-104.83,81.19,34,12,11.45
156,Gat,IL,2020-07-08 19:14:02,31.61,34.76,81.0,71,0,8.93
157,Castro,BR,2020-07-08 19:13:21,-24.79,-50.01,59.56,89,100,7.81
158,Rio Gallegos,AR,2020-07-08 19:25:03,-51.62,-69.22,35.6,74,94,5.82
159,Mugumu,TZ,2020-07-08 19:25:03,-1.85,34.7,66.65,59,74,2.51
160,Bafq,IR,2020-07-08 19:16:23,31.61,55.41,81.79,21,0,2.3
161,Ostrovnoy,RU,2020-07-08 19:25:03,68.05,39.51,52.74,91,100,12.66
162,Pinos,MX,2020-07-08 19:25:03,22.3,-101.57,84.2,37,75,4.7
163,Pimentel,PE,2020-07-08 19:25:03,-6.84,-79.93,69.8,60,100,23.04
164,Gravdal,NO,2020-07-08 19:25:03,68.12,13.5,51.8,76,75,9.17
165,Mayo,US,2020-07-08 19:16:40,38.89,-76.51,88.0,66,1,9.17
166,Kudahuvadhoo,MV,2020-07-08 19:16:33,2.67,72.89,84.45,66,78,2.21
167,Kieta,PG,2020-07-08 19:25:04,-6.22,155.63,78.49,77,23,3.33
168,Sora,IT,2020-07-08 19:25:04,41.72,13.61,80.01,60,17,5.01
169,Lavrentiya,RU,2020-07-08 19:15:56,65.58,-171.0,46.89,83,74,3.22
170,Kloulklubed,PW,2020-07-08 19:24:04,7.04,134.26,83.62,70,76,3.96
171,Half Moon Bay,US,2020-07-08 19:23:58,37.46,-122.43,78.01,68,5,13.87
172,Alofi,NU,2020-07-08 19:16:17,-19.06,-169.92,68.0,100,58,3.36
173,Ilulissat,GL,2020-07-08 19:11:00,69.22,-51.1,55.4,43,75,13.87
174,Phuthaditjhaba,ZA,2020-07-08 19:25:05,-28.52,28.82,42.84,64,0,2.44
175,Pingdingshan,CN,2020-07-08 19:25:05,33.74,113.3,77.85,66,98,5.88
176,Rafsanjan,IR,2020-07-08 19:25:05,30.41,55.99,83.61,24,34,8.66
177,Kesinga,IN,2020-07-08 19:25:05,20.2,83.23,84.09,74,99,3.09
178,Bad Iburg,DE,2020-07-08 19:25:06,52.15,8.04,62.01,93,75,2.24
179,Tasiilaq,GL,2020-07-08 19:15:39,65.61,-37.64,46.4,61,20,16.11
180,Ocos,GT,2020-07-08 19:25:06,14.51,-92.19,91.4,66,40,12.75
181,Zambezi,ZM,2020-07-08 19:16:32,-13.54,23.1,59.52,35,0,3.27
182,Huarmey,PE,2020-07-08 19:25:06,-10.07,-78.15,68.04,65,7,12.48
183,Ahipara,NZ,2020-07-08 19:11:16,-35.17,173.17,53.76,68,84,15.95
184,Sandwich,US,2020-07-08 19:25:07,41.65,-88.62,90.0,66,1,4.43
185,Belmonte,BR,2020-07-08 19:25:07,-15.86,-38.88,77.0,73,20,4.7
186,Yatou,CN,2020-07-08 19:25:07,37.15,122.38,65.53,84,0,3.49
187,Kaitangata,NZ,2020-07-08 19:15:30,-46.28,169.85,44.01,81,91,7.0
188,Durban,ZA,2020-07-08 19:24:05,-29.86,31.03,64.0,72,0,13.87
189,Sheridan,US,2020-07-08 19:25:07,44.83,-106.92,84.2,18,1,9.17
190,Pailon,BO,2020-07-08 19:25:08,-17.65,-62.75,57.2,76,90,8.05
191,Lichuan,CN,2020-07-08 19:25:08,30.3,108.85,65.1,96,98,1.86
192,Nikolskoye,RU,2020-07-08 19:15:33,59.7,30.79,59.0,72,40,4.47
193,Lebu,CL,2020-07-08 19:12:46,-37.62,-73.65,50.58,74,100,8.75
194,Mount Gambier,AU,2020-07-08 19:11:30,-37.83,140.77,42.8,87,90,11.41
195,Havelock,US,2020-07-08 19:25:08,34.88,-76.9,80.01,83,75,5.82
196,Quelimane,MZ,2020-07-08 19:15:37,-17.88,36.89,71.6,83,40,4.7
197,Morondava,MG,2020-07-08 19:25:09,-20.28,44.28,74.14,58,0,9.31
198,Bethel,US,2020-07-08 19:12:10,41.37,-73.41,75.0,94,75,10.29
199,Hobart,AU,2020-07-08 19:15:43,-42.88,147.33,37.4,86,0,8.05
200,Savalou,BJ,2020-07-08 19:25:09,7.93,1.98,75.02,93,100,5.97
201,La Sarre,CA,2020-07-08 19:25:09,48.8,-79.2,83.57,45,3,4.68
202,Kargil,IN,2020-07-08 19:15:57,34.57,76.1,59.63,48,74,8.57
203,Gouyave,GD,2020-07-08 19:25:09,12.16,-61.73,87.8,66,40,25.28
204,Meadow Lake,US,2020-07-08 19:25:10,34.8,-106.54,95.0,13,20,3.36
205,Severo-Kurilsk,RU,2020-07-08 19:15:24,50.68,156.12,47.97,93,100,15.59
206,Bud,US,2020-07-08 19:25:10,39.45,-86.18,91.0,72,90,3.78
207,Tres Arroyos,AR,2020-07-08 19:25:10,-38.37,-60.28,47.23,62,100,11.45
208,Grootfontein,NA,2020-07-08 19:25:11,-19.57,18.12,52.59,38,0,6.8
209,Lagoa,PT,2020-07-08 19:16:26,39.05,-27.98,68.85,82,98,9.48
210,Port Macquarie,AU,2020-07-08 19:16:19,-31.43,152.92,52.0,97,71,4.07
211,Bull Savanna,JM,2020-07-08 19:25:11,17.89,-77.59,84.78,63,18,6.11
212,Takaka,NZ,2020-07-08 19:25:11,-40.85,172.8,42.01,75,0,1.99
213,Statesboro,US,2020-07-08 19:22:58,32.45,-81.78,87.8,66,75,6.93
214,Wenling,CN,2020-07-08 19:25:11,28.37,121.36,82.0,56,100,7.87
215,Haines Junction,CA,2020-07-08 19:15:31,60.75,-137.51,57.83,42,100,7.61
216,Esperance,AU,2020-07-08 19:15:53,-33.87,121.9,50.0,100,75,9.17
217,Hervey Bay,AU,2020-07-08 19:25:12,-25.3,152.85,55.99,92,3,5.01
218,Awjilah,LY,2020-07-08 19:25:12,29.11,21.29,82.56,50,0,19.6
219,Oistins,BB,2020-07-08 19:25:12,13.07,-59.53,87.8,62,75,20.8
220,Rybachiy,RU,2020-07-08 19:25:12,48.71,44.74,86.0,28,95,11.18
221,Coihaique,CL,2020-07-08 19:16:09,-45.58,-72.07,41.0,65,75,3.36
222,Payson,US,2020-07-08 19:24:05,40.04,-111.73,82.99,31,1,4.7
223,Torbay,CA,2020-07-08 19:15:31,47.67,-52.73,64.0,63,40,14.99
224,Altay,CN,2020-07-08 19:25:13,47.87,88.12,56.84,61,0,3.83
225,Kabo,CF,2020-07-08 19:25:13,7.7,18.63,73.85,88,98,3.38
226,Huntingdon,GB,2020-07-08 19:25:13,52.33,-0.19,62.01,92,100,1.01
227,Portland,US,2020-07-08 19:14:14,45.52,-122.68,70.0,55,75,4.7
228,Pacific Grove,US,2020-07-08 19:25:14,36.62,-121.92,73.0,68,1,10.29
229,Beringovskiy,RU,2020-07-08 19:13:47,63.05,179.32,55.54,68,0,8.32
230,Solnechnyy,RU,2020-07-08 19:25:14,50.72,136.63,50.54,94,100,8.39
231,Mutare,ZW,2020-07-08 19:25:14,-18.97,32.67,54.12,85,51,5.08
232,Alyangula,AU,2020-07-08 19:25:14,-13.85,136.42,62.6,93,0,11.34
233,Ponta Do Sol,PT,2020-07-08 19:11:19,32.67,-17.1,73.99,72,0,2.98
234,Port Hardy,CA,2020-07-08 19:15:13,50.7,-127.42,57.2,93,90,4.7
235,Karasjok,NO,2020-07-08 19:25:15,69.47,25.51,48.2,87,75,11.41
236,San Cristobal,VE,2020-07-08 19:16:37,7.77,-72.22,95.0,32,40,14.99
237,Adrar,MR,2020-07-08 19:25:15,20.5,-10.07,106.99,7,0,14.56
238,Nizwa,OM,2020-07-08 19:25:15,22.93,57.53,91.63,37,69,8.3
239,Narsaq,GL,2020-07-08 19:13:22,60.92,-46.05,57.2,54,75,5.82
240,Husavik,IS,2020-07-08 19:15:56,66.04,-17.34,59.0,51,20,12.75
241,Lososina,RU,2020-07-08 19:25:16,49.0,140.31,54.55,96,100,5.41
242,Liberty,US,2020-07-08 19:25:16,31.83,-81.5,87.8,55,75,11.41
243,Padang,ID,2020-07-08 19:15:49,-0.95,100.35,75.69,83,100,3.44
244,Kolyubakino,RU,2020-07-08 19:25:16,55.67,36.53,60.8,87,75,13.42
245,Santo Antonio Da Platina,BR,2020-07-08 19:25:16,-23.3,-50.08,68.45,69,70,5.28
246,Seybaplaya,MX,2020-07-08 19:25:16,19.65,-90.67,91.4,59,40,11.41
247,Ushibuka,JP,2020-07-08 19:25:17,32.19,130.02,73.85,96,100,10.98
248,Evanston,US,2020-07-08 19:25:17,42.04,-87.69,91.99,52,75,4.7
249,Nemuro,JP,2020-07-08 19:25:17,43.32,145.57,59.18,99,96,2.26
250,Coleraine,GB,2020-07-08 19:25:17,55.13,-6.67,59.0,82,20,6.93
251,Sembe,CG,2020-07-08 19:25:17,1.65,14.58,75.25,70,26,0.94
252,Agadir,MA,2020-07-08 19:25:17,30.42,-9.6,75.2,69,0,17.22
253,Hofn,IS,2020-07-08 19:11:29,64.25,-15.21,55.4,82,40,1.12
254,Keti Bandar,PK,2020-07-08 19:25:18,24.14,67.45,85.89,82,100,17.18
255,Ferrol,ES,2020-07-08 19:25:18,43.48,-8.24,68.0,82,0,9.17
256,Villa Del Rosario,CO,2020-07-08 19:25:18,7.83,-72.47,95.0,32,40,14.99
257,Hermanus,ZA,2020-07-08 19:15:03,-34.42,19.23,57.0,72,100,9.04
258,Kedrovyy,RU,2020-07-08 19:15:40,56.17,91.82,66.2,68,92,8.95
259,Manokwari,ID,2020-07-08 19:25:18,-0.87,134.08,79.18,72,100,2.59
260,Arlit,NE,2020-07-08 19:14:17,18.74,7.39,95.07,26,97,2.71
261,Palora,EC,2020-07-08 19:25:19,-1.7,-77.93,75.76,84,5,3.11
262,Avera,US,2020-07-08 19:25:19,33.19,-82.53,86.0,74,75,8.05
263,Ancud,CL,2020-07-08 19:16:05,-41.87,-73.82,50.0,81,20,8.05
264,Nzega,RW,2020-07-08 19:25:19,-2.48,29.56,58.08,67,0,4.81
265,Tura,IN,2020-07-08 19:25:19,25.52,90.22,77.02,92,100,6.11
266,Grand-Santi,GF,2020-07-08 19:25:19,4.25,-54.38,82.09,81,100,5.12
267,Poum,NC,2020-07-08 19:16:35,-20.23,164.02,70.12,73,41,14.94
268,Acapulco,MX,2020-07-08 19:15:44,16.86,-99.89,84.2,74,90,5.82
269,Victoria,HK,2020-07-08 19:15:05,22.29,114.16,86.0,79,100,17.0
270,Arraial Do Cabo,BR,2020-07-08 19:15:46,-22.97,-42.03,87.8,61,70,20.8
271,Abu Samrah,SY,2020-07-08 19:25:20,35.3,37.18,74.93,54,0,9.08
272,Nanortalik,GL,2020-07-08 19:16:02,60.14,-45.24,43.7,82,100,5.19
273,Samarai,PG,2020-07-08 19:23:04,-10.62,150.67,78.24,87,85,18.92
274,Ilebo,CD,2020-07-08 19:25:21,-4.32,20.58,81.88,43,72,0.22
275,Razlog,BG,2020-07-08 19:25:21,41.89,23.47,51.01,79,9,2.46
276,Sioux Lookout,CA,2020-07-08 19:16:55,50.1,-91.92,77.0,65,75,10.29
277,Vangaindrano,MG,2020-07-08 19:25:21,-23.35,47.6,67.82,73,85,5.44
278,Taoudenni,ML,2020-07-08 19:25:21,22.68,-3.98,105.15,7,0,13.73
279,Iqaluit,CA,2020-07-08 19:15:59,63.75,-68.51,46.4,87,90,2.24
280,Sterling,US,2020-07-08 19:15:43,39.01,-77.43,93.0,46,1,3.36
281,Acarau,BR,2020-07-08 19:24:00,-2.89,-40.12,83.1,69,46,12.12
282,Simbahan,PH,2020-07-08 19:25:22,6.3,120.58,82.38,74,91,3.15
283,Viedma,AR,2020-07-08 19:22:21,-40.81,-63.0,50.68,61,100,13.38
284,Moose Factory,CA,2020-07-08 19:25:22,51.26,-80.61,84.2,37,75,9.17
285,Samandag,TR,2020-07-08 19:25:22,36.08,35.98,78.8,65,40,16.11
286,Karaman,TR,2020-07-08 19:25:22,37.08,33.25,67.32,37,0,1.61
287,Burgthann,DE,2020-07-08 19:25:23,49.35,11.31,59.0,93,75,3.36
288,Gorokhovets,RU,2020-07-08 19:25:23,56.19,42.7,82.4,58,40,4.47
289,Bambanglipuro,ID,2020-07-08 19:14:00,-7.95,110.28,75.74,86,22,9.4
290,Bambous Virieux,MU,2020-07-08 19:15:44,-20.34,57.76,71.6,56,40,11.41
291,Kavaratti,IN,2020-07-08 19:25:23,10.57,72.64,83.26,79,100,15.21
292,Ballina,AU,2020-07-08 19:25:23,-28.87,153.57,54.0,93,75,4.7
293,Yenagoa,NG,2020-07-08 19:25:24,4.92,6.26,75.58,93,100,4.25
294,Charters Towers,AU,2020-07-08 19:25:24,-20.1,146.27,58.51,92,52,9.53
295,Tual,ID,2020-07-08 19:16:52,-5.67,132.75,78.98,82,100,21.99
296,Urdoma,RU,2020-07-08 19:25:24,61.75,48.54,79.88,66,0,8.68
297,Thessalon,CA,2020-07-08 19:24:15,46.25,-83.57,86.0,42,1,5.82
298,Dubbo,AU,2020-07-08 19:25:24,-32.25,148.62,46.4,93,21,12.75
299,San Carlos De Bariloche,AR,2020-07-08 19:17:05,-41.15,-71.31,35.6,80,40,23.04
300,Flin Flon,CA,2020-07-08 19:25:25,54.77,-101.86,71.6,68,90,6.93
301,Trabzon,TR,2020-07-08 19:21:30,40.92,39.83,73.4,88,75,9.17
302,Khatanga,RU,2020-07-08 19:16:13,71.97,102.5,58.33,54,17,16.78
303,Lecce,IT,2020-07-08 19:25:25,40.22,18.17,77.0,44,5,13.87
304,Hobyo,SO,2020-07-08 19:16:10,5.35,48.53,78.91,79,100,27.18
305,Karlshamn,SE,2020-07-08 19:25:25,56.17,14.86,60.01,67,0,3.36
306,Tadine,NC,2020-07-08 19:25:26,-21.55,167.88,68.0,65,97,13.15
307,Robertsport,LR,2020-07-08 19:25:26,6.75,-11.37,77.54,87,100,11.59
308,Krasnyy,RU,2020-07-08 19:25:26,54.57,31.43,54.28,91,3,5.41
309,San Juan,AR,2020-07-08 19:25:26,-31.54,-68.54,59.94,31,90,23.4
310,Ketchikan,US,2020-07-08 19:20:45,55.34,-131.65,57.2,87,90,11.41
311,Alta Floresta,BR,2020-07-08 19:25:26,-9.88,-56.09,95.0,30,40,2.24
312,Norman Wells,CA,2020-07-08 19:15:45,65.28,-126.83,62.6,51,75,13.87
313,Ostersund,SE,2020-07-08 19:25:27,63.18,14.64,50.0,71,95,13.87
314,Tres Picos,MX,2020-07-08 19:16:06,15.87,-93.53,89.24,61,94,5.97
315,Miri,MY,2020-07-08 19:15:52,4.41,114.01,78.01,94,40,3.36
316,Wexford,IE,2020-07-08 19:25:27,52.33,-6.46,57.99,93,75,13.87
317,Chama,CH,2020-07-08 19:25:27,47.18,8.46,73.4,46,4,2.24
318,Nishihara,JP,2020-07-08 19:15:41,26.18,127.76,82.4,94,75,12.75
319,Toktogul,KG,2020-07-08 19:25:28,41.87,72.94,66.27,59,90,2.08
320,Tigzirt,DZ,2020-07-08 19:25:28,36.89,4.12,77.86,60,0,11.52
321,Khorixas,NA,2020-07-08 19:25:28,-20.37,14.97,63.63,25,0,11.92
322,Lorengau,PG,2020-07-08 19:15:50,-2.02,147.27,81.27,81,100,11.36
323,Mahibadhoo,MV,2020-07-08 19:24:42,3.78,72.97,83.82,68,8,3.31
324,San Quintin,MX,2020-07-08 19:16:55,30.48,-115.95,74.37,59,1,12.06
325,Gwembe,ZM,2020-07-08 19:25:29,-16.5,27.61,57.58,64,0,3.42
326,Lazaro Cardenas,MX,2020-07-08 19:15:35,17.96,-102.2,82.38,71,96,3.53
327,Amazar,RU,2020-07-08 19:25:29,53.86,120.88,58.21,67,9,2.57
328,Pszczyna,PL,2020-07-08 19:25:29,49.98,18.95,55.99,94,100,6.58
329,Pangnirtung,CA,2020-07-08 19:16:56,66.15,-65.71,42.8,93,75,16.11
330,Matay,EG,2020-07-08 19:25:29,28.42,30.78,89.49,31,24,13.73
331,Jumla,NP,2020-07-08 19:25:29,29.27,82.18,61.75,69,4,1.7
332,Oeiras Do Para,BR,2020-07-08 19:25:30,-2.0,-49.85,90.59,49,25,2.71
333,Camacha,PT,2020-07-08 19:15:37,33.08,-16.33,69.8,73,40,13.87
334,Rafai,CF,2020-07-08 19:25:30,4.95,23.92,69.89,95,97,1.48
335,Namatanai,PG,2020-07-08 19:16:27,-3.67,152.43,78.57,79,12,5.91
336,Afua,BR,2020-07-08 19:25:30,-0.16,-50.39,83.64,73,12,2.35
337,Singkang,MY,2020-07-08 19:25:30,2.1,102.8,80.6,83,40,1.12
338,Lewistown,US,2020-07-08 19:25:31,40.6,-77.57,93.2,46,20,4.7
339,Klyuchi,RU,2020-07-08 19:25:31,52.27,79.17,65.03,77,6,6.76
340,Saint George,US,2020-07-08 19:15:52,37.1,-113.58,96.8,7,1,5.82
341,Moree,AU,2020-07-08 19:25:31,-29.47,149.85,42.8,87,97,5.82
342,Airai,TL,2020-07-08 19:15:38,-8.93,125.41,55.26,100,32,3.89
343,Gidole,ET,2020-07-08 19:25:31,5.65,37.37,58.57,94,89,2.48
344,Kalawit,PH,2020-07-08 19:25:31,8.07,122.52,79.29,81,100,2.64
345,Fort Dix,US,2020-07-08 19:25:31,40.03,-74.62,91.4,43,40,5.82
346,Upata,VE,2020-07-08 19:25:32,8.01,-62.4,86.0,68,10,8.01
347,Neyshabur,IR,2020-07-08 19:25:32,36.21,58.8,76.44,18,0,5.73
348,Jardim,BR,2020-07-08 19:25:32,-21.48,-56.14,61.34,81,100,5.86
349,Roma,US,2020-07-08 19:22:54,43.21,-75.46,91.4,49,75,9.17
350,Dhilwan,IN,2020-07-08 19:25:32,31.52,75.35,84.2,79,40,3.36
351,Ust-Karsk,RU,2020-07-08 19:25:32,52.7,118.81,62.17,65,49,2.64
352,Najran,SA,2020-07-08 19:14:16,17.49,44.13,95.0,13,40,6.93
353,Vila,PT,2020-07-08 19:15:51,42.03,-8.16,75.99,69,100,4.7
354,Jatiroto,ID,2020-07-08 19:25:33,-7.88,111.12,71.42,87,22,4.29
355,Malinyi,TZ,2020-07-08 19:25:33,-8.93,36.13,77.04,54,93,2.86
356,College,US,2020-07-08 19:25:33,64.86,-147.8,55.99,76,90,3.36
357,Raga,SS,2020-07-08 19:25:33,8.46,25.68,72.07,91,100,0.49
358,Moerai,PF,2020-07-08 19:25:33,-22.43,-151.33,68.2,71,65,23.6
359,Kandrian,PG,2020-07-08 19:25:33,-6.22,149.55,77.45,88,52,8.86
360,Guerrero Negro,MX,2020-07-08 19:16:30,27.98,-114.06,83.23,37,0,11.43
361,Turkan,AZ,2020-07-08 19:25:34,40.36,50.22,80.6,78,0,6.93
362,Ojinaga,MX,2020-07-08 19:25:34,29.57,-104.42,98.6,23,1,4.7
363,Ribeira Brava,PT,2020-07-08 19:25:34,32.65,-17.07,73.99,88,0,2.68
364,Saint-Francois,FR,2020-07-08 19:25:34,46.42,3.91,78.8,41,0,3.36
365,Waddan,LY,2020-07-08 19:25:34,29.16,16.14,84.97,25,0,10.45
366,Davenda,RU,2020-07-08 19:25:35,53.56,119.32,59.79,61,84,2.46
367,Marawi,PH,2020-07-08 19:25:35,8.0,124.29,75.99,90,100,8.01
368,Ulladulla,AU,2020-07-08 19:25:35,-35.35,150.47,44.6,100,0,8.05
369,Kutum,SD,2020-07-08 19:17:03,14.2,24.67,80.94,49,44,13.56
370,Myra,IT,2020-07-08 19:25:35,45.44,12.13,75.99,57,0,3.36
371,Jambi,ID,2020-07-08 19:25:36,-1.6,103.62,73.67,95,100,2.1
372,Am Timan,TD,2020-07-08 19:25:36,11.03,20.28,80.53,70,48,3.27
373,Zelenoborskiy,RU,2020-07-08 19:25:36,66.84,32.36,57.42,87,100,7.11
374,Portobelo,PA,2020-07-08 19:25:36,9.55,-79.65,84.0,74,100,10.0
375,Komsomolskiy,UZ,2020-07-08 19:16:50,40.43,71.72,82.4,26,95,4.7
376,Nordby,DK,2020-07-08 19:25:36,55.45,8.4,55.4,76,0,8.05
377,Ibotirama,BR,2020-07-08 19:25:36,-12.19,-43.22,89.71,25,22,3.0
378,Kargasok,RU,2020-07-08 19:25:37,59.06,80.86,64.51,95,100,5.37
379,Batagay-Alyta,RU,2020-07-08 19:17:05,67.8,130.41,50.76,81,100,3.22
380,Belaya Gora,RU,2020-07-08 19:25:37,68.53,146.42,53.65,79,21,3.18
381,Oxapampa,PE,2020-07-08 19:25:37,-10.58,-75.4,67.5,79,79,3.38
382,Kaeo,NZ,2020-07-08 19:25:37,-35.1,173.78,48.99,3,3,5.99
383,Moyale,KE,2020-07-08 19:25:37,3.52,39.06,72.14,58,95,6.26
384,Lokomotivnyy,RU,2020-07-08 19:25:37,53.01,60.57,66.96,86,0,5.14
385,Eureka,US,2020-07-08 19:15:43,40.8,-124.16,66.0,1,2,3.0
386,Urumqi,CN,2020-07-08 19:25:38,43.8,87.6,73.4,43,0,4.47
387,Inirida,CO,2020-07-08 19:25:38,3.87,-67.92,88.48,60,87,2.24
388,Mandali,IQ,2020-07-08 19:25:38,33.75,45.55,95.65,10,0,4.5
389,Karratha,AU,2020-07-08 19:14:28,-20.74,116.85,66.33,26,0,9.22
390,Shimoda,JP,2020-07-08 19:25:38,34.67,138.95,71.01,94,100,14.99
391,Tougan,BF,2020-07-08 19:25:39,13.07,-3.07,92.79,42,23,12.77
392,Buin,CL,2020-07-08 19:25:39,-33.73,-70.75,57.2,58,75,3.36
393,Sijunjung,ID,2020-07-08 19:25:39,-0.69,100.95,70.99,92,91,1.5
394,Hot Springs,US,2020-07-08 19:21:22,34.5,-93.06,88.0,62,20,4.7
395,Sao Jose Da Coroa Grande,BR,2020-07-08 19:25:39,-8.9,-35.15,79.47,74,0,4.81
396,Weyburn,CA,2020-07-08 19:12:30,49.67,-103.85,73.0,48,0,20.0
397,Kishi,NG,2020-07-08 19:25:39,9.08,3.85,73.74,93,85,6.73
398,Kasongo-Lunda,CD,2020-07-08 19:25:40,-6.47,16.82,75.78,31,0,0.96
399,Victor Harbor,AU,2020-07-08 19:25:40,-35.57,138.62,48.0,87,0,3.0
400,Shanghai,CN,2020-07-08 19:25:40,31.22,121.46,81.0,100,90,4.47
401,Marienburg,PL,2020-07-08 19:25:40,54.04,19.03,57.99,67,40,8.05
402,Bismarck,US,2020-07-08 19:25:40,46.81,-100.78,80.6,47,1,8.05
403,Caravelas,BR,2020-07-08 19:25:40,-17.71,-39.25,76.41,61,0,5.7
404,Krasnorechenskiy,RU,2020-07-08 19:25:40,44.63,135.35,53.98,91,79,3.42
405,Losevo,RU,2020-07-08 19:25:41,50.68,40.05,69.84,75,83,3.22
406,Eufaula,US,2020-07-08 19:20:44,31.89,-85.15,87.01,72,92,8.34
407,Merauke,ID,2020-07-08 19:25:05,-8.47,140.33,76.71,82,100,16.08
408,Cravo Norte,CO,2020-07-08 19:25:41,6.3,-70.2,84.27,73,96,4.74
409,Umm Kaddadah,SD,2020-07-08 19:25:41,13.6,26.69,83.43,49,9,8.97
410,Bantva,IN,2020-07-08 19:25:41,21.49,70.07,83.32,81,31,14.61
411,Campos,BR,2020-07-08 19:25:42,-21.75,-41.3,80.6,54,0,20.8
412,Pingliang,CN,2020-07-08 19:25:42,35.54,106.69,70.63,51,99,2.62
413,Sana,YE,2020-07-08 19:25:42,15.35,44.21,69.85,51,100,3.67
414,Apulia,PT,2020-07-08 19:25:42,41.49,-8.76,72.0,82,40,4.7
415,Bhavnagar,IN,2020-07-08 19:25:42,21.77,72.15,84.92,75,0,15.79
416,Inhambane,MZ,2020-07-08 19:25:43,-23.86,35.38,69.01,88,20,6.93
417,Terrace,CA,2020-07-08 19:25:43,54.52,-128.6,62.6,59,75,11.41
418,Cap Malheureux,MU,2020-07-08 19:25:43,-19.98,57.61,66.99,73,0,4.0
419,Chernyshkovskiy,RU,2020-07-08 19:25:43,48.42,42.23,80.1,56,100,10.63
420,Zhongshu,CN,2020-07-08 19:25:43,24.52,103.77,65.08,90,100,7.56
421,Erenhot,CN,2020-07-08 19:25:43,43.65,111.98,76.17,41,100,11.16
422,Sungaipenuh,ID,2020-07-08 19:25:44,-2.08,101.38,64.26,96,100,1.36
423,Shenjiamen,CN,2020-07-08 19:16:02,29.96,122.3,76.73,91,84,7.49
424,Broome,US,2020-07-08 19:15:56,42.25,-75.83,90.0,58,20,5.82
425,Contamana,PE,2020-07-08 19:25:44,-7.33,-75.02,81.21,87,100,5.01
426,Daru,PG,2020-07-08 19:25:44,-9.08,143.21,77.09,88,100,16.44
427,Gorontalo,ID,2020-07-08 19:16:21,0.54,123.06,75.18,88,100,1.23
428,Waverly,US,2020-07-08 19:24:43,42.74,-84.62,87.8,58,90,16.11
429,Zlocieniec,PL,2020-07-08 19:25:45,53.53,16.01,57.0,71,0,4.0
430,Waingapu,ID,2020-07-08 19:15:55,-9.66,120.26,74.28,84,27,10.47
431,Fortuna,US,2020-07-08 19:25:45,40.6,-124.16,64.99,82,1,12.75
432,Pekan,MY,2020-07-08 19:25:45,3.48,103.4,75.2,94,20,3.91
433,Teluk Nibung,ID,2020-07-08 19:25:45,3.0,99.82,74.89,92,48,4.92
434,Coquimbo,CL,2020-07-08 19:25:45,-29.95,-71.34,60.8,63,0,12.75
435,Sabang,ID,2020-07-08 19:16:39,5.89,95.32,83.41,66,39,11.39
436,Vestmannaeyjar,IS,2020-07-08 19:16:04,63.44,-20.27,50.0,76,75,18.34
437,Bandarbeyla,SO,2020-07-08 19:25:46,9.49,50.81,81.05,70,55,28.86
438,Phan Thiet,VN,2020-07-08 19:25:46,10.93,108.1,76.3,88,100,3.65
439,Ilinskiy,RU,2020-07-08 19:25:46,55.62,38.12,66.2,93,75,6.71
440,Ahuimanu,US,2020-07-08 19:25:46,21.44,-157.84,82.4,69,40,13.87
441,Sawtell,AU,2020-07-08 19:25:46,-30.38,153.1,52.0,93,75,5.84
442,Alice Springs,AU,2020-07-08 19:24:46,-23.7,133.88,41.0,52,98,5.79
443,Qaqortoq,GL,2020-07-08 19:25:47,60.72,-46.03,57.2,54,75,5.82
444,The Valley,AI,2020-07-08 19:21:06,18.22,-63.06,87.8,62,20,17.22
445,Broken Hill,AU,2020-07-08 19:16:47,-31.95,141.43,41.0,86,100,9.17
446,Okato,NZ,2020-07-08 19:25:47,-39.2,173.88,32.0,96,1,9.31
447,Salacgriva,LV,2020-07-08 19:25:48,57.75,24.36,52.0,94,0,8.37
448,Champerico,GT,2020-07-08 19:25:48,14.3,-91.92,91.4,55,75,6.93
449,Tigil,RU,2020-07-08 19:25:48,57.8,158.67,56.3,92,100,2.98
450,Leh,IN,2020-07-08 19:25:48,34.17,77.58,63.63,37,1,3.09
451,Sigli,ID,2020-07-08 19:25:48,5.38,95.96,77.13,73,56,6.82
452,Linxia,CN,2020-07-08 19:25:48,35.6,103.21,65.55,53,97,5.06
453,Okhotsk,RU,2020-07-08 19:25:48,59.38,143.3,49.26,91,0,1.1
454,Kupang,ID,2020-07-08 19:25:48,-10.17,123.58,75.02,80,0,11.83
455,Bilibino,RU,2020-07-08 19:17:04,68.05,166.44,55.58,70,100,4.36
456,Port Shepstone,ZA,2020-07-08 19:25:49,-30.74,30.45,65.07,72,0,27.07
457,Turukhansk,RU,2020-07-08 19:11:44,65.82,87.98,52.61,56,0,17.45
458,Bowen,AU,2020-07-08 19:25:49,-20.02,148.23,66.99,93,75,13.87
459,Smithers,CA,2020-07-08 19:25:49,54.78,-127.17,59.0,67,75,3.36
460,Les Escoumins,CA,2020-07-08 19:25:49,48.11,-69.02,71.89,71,17,2.59
461,Ordynskoye,RU,2020-07-08 19:25:50,54.37,81.9,62.47,90,76,6.71
462,Codrington,AU,2020-07-08 19:25:50,-38.27,141.97,41.68,91,0,8.08
463,Sorland,NO,2020-07-08 19:25:50,67.67,12.69,53.6,71,75,11.41
464,Byron Bay,AU,2020-07-08 19:16:59,-28.65,153.62,54.0,93,75,4.7
465,Kaeng Khoi,TH,2020-07-08 19:25:50,14.59,101.0,82.99,81,100,6.29
466,Souillac,MU,2020-07-08 19:12:50,-20.52,57.52,71.6,56,40,11.41
467,Morris,US,2020-07-08 19:25:50,40.83,-74.53,86.0,70,75,5.82
468,Savinskiy,RU,2020-07-08 19:25:51,62.93,40.14,61.38,97,100,7.31
469,Port-Gentil,GA,2020-07-08 19:25:51,-0.72,8.78,75.2,94,40,9.17
470,Sisimiut,GL,2020-07-08 19:25:51,66.94,-53.67,45.05,82,100,5.35
471,Baruun-Urt,MN,2020-07-08 19:15:55,46.68,113.28,64.9,62,0,8.79
472,Nieuwpoort,BE,2020-07-08 19:25:51,51.12,2.77,62.6,93,100,8.05
473,Ovalle,CL,2020-07-08 19:25:52,-30.6,-71.2,65.52,33,46,2.55
474,Ciudad Bolivar,VE,2020-07-08 19:25:52,8.12,-63.55,90.28,51,88,7.78
475,Chapais,CA,2020-07-08 19:17:01,49.78,-74.85,73.4,69,90,2.24
476,Bolgatanga,GH,2020-07-08 19:25:52,10.79,-0.85,86.45,58,100,7.29
477,Yumen,CN,2020-07-08 19:25:52,40.28,97.2,70.38,22,11,9.86
478,Mercedes,AR,2020-07-08 19:25:52,-34.65,-59.43,57.0,60,96,3.0
479,Madimba,TZ,2020-07-08 19:25:52,-10.4,40.33,75.2,88,20,9.17
480,Asilah,MA,2020-07-08 19:25:53,35.47,-6.03,73.4,78,0,6.93
481,Sandnessjoen,NO,2020-07-08 19:25:53,66.02,12.63,53.6,71,40,8.05
482,Korhogo,CI,2020-07-08 19:25:53,9.45,-5.63,78.42,81,0,4.36
483,Manado,ID,2020-07-08 19:25:53,1.49,124.85,75.2,94,20,1.12
484,Yelizovo,RU,2020-07-08 19:25:53,53.19,158.38,50.0,100,90,4.47
485,Goderich,CA,2020-07-08 19:16:11,43.75,-81.72,78.01,78,0,9.44
486,Yerbogachen,RU,2020-07-08 19:25:53,61.28,108.01,52.23,93,1,2.01
487,Sale,MA,2020-07-08 19:25:54,34.04,-6.82,72.0,78,40,10.29
488,Rocha,UY,2020-07-08 19:24:51,-34.48,-54.33,47.62,93,100,13.89
489,Sechura,PE,2020-07-08 19:16:08,-5.56,-80.82,75.07,53,3,12.86
490,Santa Rosalia,MX,2020-07-08 19:25:54,27.32,-112.28,89.76,43,95,7.47
491,Sobolevo,RU,2020-07-08 19:25:54,54.43,31.9,53.82,91,0,3.6
492,Ayolas,PY,2020-07-08 19:25:54,-27.4,-56.9,56.73,73,57,6.51
493,Seoul,KR,2020-07-08 19:24:28,37.57,126.98,71.6,88,75,1.23
494,Ossora,RU,2020-07-08 19:25:55,59.24,163.07,53.29,92,100,5.66
495,Pakxan,LA,2020-07-08 19:25:55,18.38,103.66,78.01,86,100,0.65
496,Faanui,PF,2020-07-08 19:16:29,-16.48,-151.75,76.55,81,53,29.95
497,Minot,US,2020-07-08 19:25:55,48.23,-101.3,78.8,44,1,11.41
498,Kichmengskiy Gorodok,RU,2020-07-08 19:25:55,59.98,45.79,79.61,59,0,10.71
499,Meulaboh,ID,2020-07-08 19:25:56,4.14,96.13,75.6,89,100,6.91
500,Ulaanbaatar,MN,2020-07-08 19:25:56,47.91,106.88,64.4,63,40,11.18
501,Dingle,PH,2020-07-08 19:25:56,11.0,122.67,77.54,83,100,3.13
502,Pampa,US,2020-07-08 19:25:56,35.54,-100.96,98.6,22,1,18.34
503,Carbonia,IT,2020-07-08 19:25:56,39.17,8.52,86.0,73,0,5.82
504,Arman,RU,2020-07-08 19:25:56,59.7,150.17,50.43,95,100,7.43
505,Aykhal,RU,2020-07-08 19:25:56,66.0,111.5,51.8,66,75,8.95
506,Avila,ES,2020-07-08 19:25:57,40.58,-5.0,77.0,40,0,1.01
507,Dunmore East,IE,2020-07-08 19:25:57,52.15,-6.99,57.99,93,75,13.87
508,Ozuluama,MX,2020-07-08 19:21:06,21.67,-97.85,87.8,79,40,12.75
509,Bokoro,TD,2020-07-08 19:25:57,12.38,17.06,92.68,38,8,2.77
510,Auki,SB,2020-07-08 19:25:57,-8.77,160.7,78.01,81,6,4.79
511,Bousso,TD,2020-07-08 19:25:57,10.48,16.71,83.05,60,18,4.99
512,Sonoita,MX,2020-07-08 19:25:57,31.85,-112.83,102.0,21,0,3.0
513,Oksfjord,NO,2020-07-08 19:25:58,70.24,22.35,51.01,87,76,5.82
514,Chimore,BO,2020-07-08 19:25:58,-16.98,-65.13,64.58,62,95,4.14
515,Mackay,AU,2020-07-08 19:25:58,-21.15,149.2,66.2,93,90,14.99
516,Alindao,CF,2020-07-08 19:25:58,5.03,21.21,72.57,92,100,0.69
517,Sault Sainte Marie,CA,2020-07-08 19:25:58,46.52,-84.33,87.8,43,75,9.17
518,Rio Grande,BR,2020-07-08 19:24:05,-32.03,-52.1,51.8,100,90,13.87
519,Damietta,EG,2020-07-08 19:25:58,31.42,31.81,78.8,78,40,11.41
520,Virginia Beach,US,2020-07-08 19:16:23,36.85,-75.98,87.01,66,75,11.41
521,Wittmund,DE,2020-07-08 19:25:59,53.57,7.78,57.2,71,100,5.82
522,Chkalovsk,RU,2020-07-08 19:25:59,56.76,43.24,82.4,58,40,4.47
523,Concarneau,FR,2020-07-08 19:21:18,47.88,-3.92,68.0,82,20,8.05
524,Dourbali,TD,2020-07-08 19:25:59,11.81,15.86,91.44,40,6,4.54
525,Banda Aceh,ID,2020-07-08 19:12:14,5.56,95.32,80.26,64,78,7.27
526,Vardo,NO,2020-07-08 19:16:01,70.37,31.11,48.2,93,100,11.41
527,Brownwood,US,2020-07-08 19:26:00,31.71,-98.99,91.4,52,20,8.05
528,Mahmudia,RO,2020-07-08 19:26:00,45.08,29.08,68.0,63,0,3.36
529,Aasiaat,GL,2020-07-08 19:26:00,68.71,-52.87,41.83,79,95,11.68
530,Borova,UA,2020-07-08 19:26:00,50.18,30.1,62.01,63,0,6.71
531,Minab,IR,2020-07-08 19:26:00,27.15,57.08,93.2,75,41,6.93
532,Grafton,US,2020-07-08 19:26:01,42.21,-71.69,84.99,69,75,12.75
533,Berlevag,NO,2020-07-08 19:26:01,70.86,29.09,46.4,100,75,6.93
534,Coahuayana,MX,2020-07-08 19:26:01,18.73,-103.68,80.6,78,75,5.14
535,Dudinka,RU,2020-07-08 19:26:01,69.41,86.18,50.0,81,0,20.13
536,Bubaque,GW,2020-07-08 19:26:01,11.28,-15.83,83.16,84,48,19.77
537,Turan,VN,2020-07-08 19:26:01,16.07,108.22,80.6,83,20,2.24
538,Erzin,TR,2020-07-08 19:26:02,36.96,36.2,79.0,80,3,2.1
539,Creston,US,2020-07-08 19:26:02,41.06,-94.36,91.4,52,40,11.41
540,Kupino,RU,2020-07-08 19:26:02,54.37,77.3,65.32,84,49,5.06
541,Tuatapere,NZ,2020-07-08 19:26:02,-46.13,167.68,39.0,83,97,3.0
542,Yablonovo,RU,2020-07-08 19:26:02,50.85,37.36,59.0,100,75,15.66
543,Arrecife,ES,2020-07-08 19:26:02,28.96,-13.55,77.0,73,0,23.04
544,Canandaigua,US,2020-07-08 19:26:03,42.87,-77.29,82.0,50,54,8.01
545,Antalaha,MG,2020-07-08 19:26:03,-14.9,50.28,71.15,90,8,8.93
546,Wagga Wagga,AU,2020-07-08 19:26:03,-35.12,147.37,42.01,100,54,6.93
547,Madang,PG,2020-07-08 19:26:03,-5.22,145.8,76.93,87,98,3.44
548,Puerto Carreno,CO,2020-07-08 19:26:03,6.19,-67.49,89.6,55,20,10.29
549,Camana,PE,2020-07-08 19:26:04,-16.62,-72.71,65.88,67,3,10.85
550,Myitkyina,MM,2020-07-08 19:26:04,25.38,97.4,74.16,96,100,1.77
551,Monte Patria,CL,2020-07-08 19:26:04,-30.69,-70.95,64.22,28,91,2.08
552,Nhulunbuy,AU,2020-07-08 19:26:04,-12.23,136.77,75.2,83,75,8.05
553,Pyaozerskiy,RU,2020-07-08 19:26:04,65.83,31.17,57.76,85,100,5.03
554,Sharjah,AE,2020-07-08 19:24:53,25.36,55.4,98.6,39,61,11.41
555,Synya,RU,2020-07-08 19:26:05,65.37,58.04,68.63,89,0,4.74
556,Casper,US,2020-07-08 19:21:39,42.87,-106.31,88.0,12,1,23.04
557,Oyama,JP,2020-07-08 19:26:05,36.3,139.8,80.01,88,75,2.24
558,Gizo,SB,2020-07-08 19:26:05,-8.1,156.84,81.9,75,86,5.53
559,Xining,CN,2020-07-08 19:26:06,36.62,101.77,59.25,75,100,2.86
560,Khanpur,PK,2020-07-08 19:26:06,28.65,70.66,96.94,44,64,17.05
